{"version":0.1,"globalEnvironmentVariables":[],"tasks":[{"task":"doSomething","dependsOn":[],"location":{"x":-2.749840300343381,"y":227.6668694270161}},{"task":"doSomething2","dependsOn":["doSomething","thisisdata"],"location":{"x":505.0161380674049,"y":154.76716441226685}},{"task":"thisisdata","dependsOn":["doSomething"],"location":{"x":238.26687553053176,"y":32.63343776526587}},{"task":"thisIsLive","dependsOn":["doSomething2"],"location":{"x":809.8184979494108,"y":129.8674593975176}}]}